{"schemaVersion":"1.0","appDefinitionTemplate":{"id":"/providers/Microsoft.PowerApps/apps/","type":"Microsoft.PowerApps/apps","tags":{"primaryDeviceWidth":"1366","primaryDeviceHeight":"1000","supportsPortrait":"true","supportsLandscape":"true","primaryFormFactor":"Tablet","showStatusBar":"false","publisherVersion":"3.24071.7","minimumRequiredApiVersion":"2.2.0","hasComponent":"false","hasUnlockedComponent":"false","isUnifiedRootApp":"false","sienaVersion":"20240714T074832Z-3.24071.7.0"},"properties":{"appVersion":"2024-07-14T07:48:32Z","lifeCycleId":"Published","createdByClientVersion":{"major":3,"minor":24071,"build":7,"revision":0,"majorRevision":0,"minorRevision":0},"minClientVersion":{"major":3,"minor":24071,"build":7,"revision":0,"majorRevision":0,"minorRevision":0},"backgroundColor":"RGBA(0,176,240,1)","backgroundImageUri":"/6943797909457398794/N934e1d21-fed8-48ad-83ae-8de40f88358b-logoSmallFile","displayName":"App","description":"","commitMessage":"","appUris":{"documentUri":{"value":"/6943797909457398794/N1a6da871-ee46-4295-b89d-7c4b2619b154-document.msapp"},"imageUris":[],"additionalUris":[{"isSolutionAware":false,"value":"/6943797909457398794/Nfb6e2b10-e8c8-4a81-b1c4-79b3570be6e5-identity.json"}]},"createdTime":"0001-01-01T00:00:00Z","lastModifiedTime":"0001-01-01T00:00:00Z","sharedGroupsCount":0,"sharedUsersCount":0,"connectionReferences":{"7d4971f8-89e4-4c03-b060-d6c9f1bde904":{"id":"04a3f414-d6de-4704-ac72-3f3065f807d3","displayName":"SharePoint","iconUri":"https://connectoricons-prod.azureedge.net/u/jayawan/releases/v1.0.1697/1.0.1697.3786/sharepointonline/icon.png","dataSources":["Leaves","Approvers","usercredentials"],"dependencies":[],"dependents":[],"parameterHints":{},"parameterHintsV2":{},"isOnPremiseConnection":false,"bypassConsent":false,"dataSets":{"https://kbl2707.sharepoint.com":{"dataSources":{"Leaves":{"tableName":"30bf404e-41cd-44c7-9f69-5fc72d2c8c71"},"Approvers":{"tableName":"1f46a081-0dc9-4af8-baed-c7c07d76c95a"},"usercredentials":{"tableName":"f507be98-5de4-470d-a8d3-a01ed5b4d915"}}}},"apiTier":"Standard","isCustomApiConnection":false,"actions":["providers/PowerPlatform.Governance/Operations/Read","providers/PowerPlatform.Governance/Operations/Write"]}},"databaseReferences":{"default.cds":{"databaseDetails":{"referenceType":"Environmental","environmentName":"default.cds","overrideValues":{"status":"NotSpecified","environmentVariableName":""}},"dataSources":{"Tables":{"entitySetName":"crada_tables","logicalName":"crada_table","isHidden":false}}}},"almMode":"Environment","performanceOptimizationEnabled":false,"canConsumeAppPass":false,"enableModernRuntimeMode":false,"executionRestrictions":{"isTeamsOnly":false,"dataLossPreventionEvaluationResult":{"status":"Compliant","lastEvaluationDate":"2024-06-10T07:52:25.996952Z","violations":[],"violationsByPolicy":[],"violationErrorMessage":"The app uses the following connectors: shared_sharepointonline."}}},"appType":"ClassicCanvasApp","appComponents":[]}}